Age,Salary,Department,Purchased
56.0,32695.0,IT,No
46.0,78190.0,Marketing,Yes
,35258.0,IT,No
60.0,117538.0,IT,No
25.0,69504.0,Finance,Yes
38.0,,HR,Yes
56.0,43986.0,HR,No
36.0,91858.0,IT,No
40.0,42666.0,Marketing,No
28.0,68660.0,HR,No
,33561.0,Marketing,No
41.0,56854.0,HR,No
53.0,94505.0,Marketing,Yes
57.0,,Finance,No
41.0,,Marketing,No
20.0,38392.0,Finance,Yes
39.0,60535.0,Finance,Yes
19.0,108603.0,Marketing,Yes
41.0,82256.0,Finance,Yes
61.0,,IT,No
47.0,65222.0,Finance,No
55.0,,HR,No
19.0,109575.0,Marketing,No
38.0,114651.0,IT,No
50.0,93335.0,Marketing,No
29.0,40965.0,HR,Yes
39.0,,HR,No
61.0,,HR,Yes
,38110.0,Finance,Yes
44.0,,Finance,No
,57266.0,Marketing,Yes
45.0,82992.0,Marketing,No
33.0,112948.0,IT,Yes
32.0,36910.0,IT,No
,30206.0,Marketing,Yes
61.0,117054.0,Finance,No
20.0,117897.0,HR,No
54.0,53419.0,Marketing,No
24.0,80636.0,IT,No
,80015.0,Finance,No
,84268.0,Marketing,Yes
56.0,117939.0,Marketing,Yes
35.0,48141.0,Finance,Yes
21.0,110356.0,Marketing,No
42.0,,Finance,Yes
31.0,86044.0,HR,No
26.0,97214.0,Finance,No
43.0,63827.0,Finance,Yes
19.0,85820.0,Finance,Yes
37.0,92623.0,Marketing,No
45.0,111734.0,Marketing,Yes
64.0,105450.0,Finance,No
24.0,,Marketing,No
61.0,73585.0,IT,No
25.0,,IT,No
64.0,72557.0,Marketing,No
52.0,79080.0,Marketing,Yes
31.0,32693.0,Finance,Yes
34.0,99163.0,HR,No
53.0,55939.0,Marketing,No
57.0,78925.0,IT,Yes
21.0,72941.0,Finance,Yes
19.0,,Marketing,No
23.0,48047.0,IT,Yes
59.0,,IT,No
21.0,105766.0,HR,Yes
46.0,45707.0,Finance,No
35.0,51976.0,Finance,Yes
43.0,74262.0,HR,No
61.0,53776.0,HR,Yes
51.0,60080.0,Finance,Yes
27.0,96842.0,Finance,No
53.0,91373.0,Marketing,Yes
31.0,36776.0,Marketing,No
48.0,85016.0,HR,Yes
32.0,39474.0,Marketing,No
25.0,88053.0,IT,Yes
31.0,51959.0,Marketing,No
40.0,35530.0,Marketing,Yes
57.0,33748.0,IT,No
38.0,43545.0,HR,Yes
,96199.0,IT,No
62.0,64766.0,Marketing,No
35.0,,HR,No
64.0,91087.0,Marketing,Yes
41.0,98840.0,IT,No
43.0,84384.0,IT,Yes
42.0,81005.0,Marketing,No
,76576.0,Finance,Yes
58.0,69353.0,Finance,No
46.0,,IT,Yes
32.0,113211.0,IT,Yes
62.0,82733.0,Finance,No
18.0,95318.0,Finance,Yes
42.0,119474.0,Marketing,Yes
24.0,53664.0,Marketing,No
26.0,97172.0,Finance,Yes
41.0,115616.0,Marketing,Yes
,56736.0,Marketing,Yes
61.0,30854.0,HR,No
